{"a": 5.999999999999993, "b": -10.999999999999993, "c": 14.999999999999991}