{"a": 5.4999999999999964, "b": -8.499999999999995, "c": 12.999999999999998}