{"a": 0.9999999999999993, "b": -2.9999999999999987, "c": 2.9999999999999987}