{"c": 2.9999999999999987, "b": -5.499999999999999, "a": 2.4999999999999987}