{"a": 3.499999999999999, "b": -6.5000000000000036, "c": 12.999999999999998}